[{"model": "auth.permission", "pk": 1, "fields": {"name": "Can add image", "content_type": 3, "codename": "add_image"}}, {"model": "auth.permission", "pk": 2, "fields": {"name": "Can change image", "content_type": 3, "codename": "change_image"}}, {"model": "auth.permission", "pk": 3, "fields": {"name": "Can delete image", "content_type": 3, "codename": "delete_image"}}, {"model": "auth.permission", "pk": 4, "fields": {"name": "Can choose image", "content_type": 3, "codename": "choose_image"}}, {"model": "auth.permission", "pk": 5, "fields": {"name": "Can add locale", "content_type": 4, "codename": "add_locale"}}, {"model": "auth.permission", "pk": 6, "fields": {"name": "Can change locale", "content_type": 4, "codename": "change_locale"}}, {"model": "auth.permission", "pk": 7, "fields": {"name": "Can delete locale", "content_type": 4, "codename": "delete_locale"}}, {"model": "auth.permission", "pk": 8, "fields": {"name": "Can view locale", "content_type": 4, "codename": "view_locale"}}, {"model": "auth.permission", "pk": 9, "fields": {"name": "Can add site", "content_type": 5, "codename": "add_site"}}, {"model": "auth.permission", "pk": 10, "fields": {"name": "Can change site", "content_type": 5, "codename": "change_site"}}, {"model": "auth.permission", "pk": 11, "fields": {"name": "Can delete site", "content_type": 5, "codename": "delete_site"}}, {"model": "auth.permission", "pk": 12, "fields": {"name": "Can view site", "content_type": 5, "codename": "view_site"}}, {"model": "auth.permission", "pk": 13, "fields": {"name": "Can add model log entry", "content_type": 6, "codename": "add_modellogentry"}}, {"model": "auth.permission", "pk": 14, "fields": {"name": "Can change model log entry", "content_type": 6, "codename": "change_modellogentry"}}, {"model": "auth.permission", "pk": 15, "fields": {"name": "Can delete model log entry", "content_type": 6, "codename": "delete_modellogentry"}}, {"model": "auth.permission", "pk": 16, "fields": {"name": "Can view model log entry", "content_type": 6, "codename": "view_modellogentry"}}, {"model": "auth.permission", "pk": 17, "fields": {"name": "Can add collection view restriction", "content_type": 7, "codename": "add_collectionviewrestriction"}}, {"model": "auth.permission", "pk": 18, "fields": {"name": "Can change collection view restriction", "content_type": 7, "codename": "change_collectionviewrestriction"}}, {"model": "auth.permission", "pk": 19, "fields": {"name": "Can delete collection view restriction", "content_type": 7, "codename": "delete_collectionviewrestriction"}}, {"model": "auth.permission", "pk": 20, "fields": {"name": "Can view collection view restriction", "content_type": 7, "codename": "view_collectionviewrestriction"}}, {"model": "auth.permission", "pk": 21, "fields": {"name": "Can add collection", "content_type": 8, "codename": "add_collection"}}, {"model": "auth.permission", "pk": 22, "fields": {"name": "Can change collection", "content_type": 8, "codename": "change_collection"}}, {"model": "auth.permission", "pk": 23, "fields": {"name": "Can delete collection", "content_type": 8, "codename": "delete_collection"}}, {"model": "auth.permission", "pk": 24, "fields": {"name": "Can view collection", "content_type": 8, "codename": "view_collection"}}, {"model": "auth.permission", "pk": 25, "fields": {"name": "Can add group collection permission", "content_type": 9, "codename": "add_groupcollectionpermission"}}, {"model": "auth.permission", "pk": 26, "fields": {"name": "Can change group collection permission", "content_type": 9, "codename": "change_groupcollectionpermission"}}, {"model": "auth.permission", "pk": 27, "fields": {"name": "Can delete group collection permission", "content_type": 9, "codename": "delete_groupcollectionpermission"}}, {"model": "auth.permission", "pk": 28, "fields": {"name": "Can view group collection permission", "content_type": 9, "codename": "view_groupcollectionpermission"}}, {"model": "auth.permission", "pk": 29, "fields": {"name": "Can add reference index", "content_type": 10, "codename": "add_referenceindex"}}, {"model": "auth.permission", "pk": 30, "fields": {"name": "Can change reference index", "content_type": 10, "codename": "change_referenceindex"}}, {"model": "auth.permission", "pk": 31, "fields": {"name": "Can delete reference index", "content_type": 10, "codename": "delete_referenceindex"}}, {"model": "auth.permission", "pk": 32, "fields": {"name": "Can view reference index", "content_type": 10, "codename": "view_referenceindex"}}, {"model": "auth.permission", "pk": 33, "fields": {"name": "Can add page", "content_type": 1, "codename": "add_page"}}, {"model": "auth.permission", "pk": 34, "fields": {"name": "Can change page", "content_type": 1, "codename": "change_page"}}, {"model": "auth.permission", "pk": 35, "fields": {"name": "Can delete page", "content_type": 1, "codename": "delete_page"}}, {"model": "auth.permission", "pk": 36, "fields": {"name": "Can view page", "content_type": 1, "codename": "view_page"}}, {"model": "auth.permission", "pk": 37, "fields": {"name": "Delete pages with children", "content_type": 1, "codename": "bulk_delete_page"}}, {"model": "auth.permission", "pk": 38, "fields": {"name": "Lock/unlock pages you've locked", "content_type": 1, "codename": "lock_page"}}, {"model": "auth.permission", "pk": 39, "fields": {"name": "Publish any page", "content_type": 1, "codename": "publish_page"}}, {"model": "auth.permission", "pk": 40, "fields": {"name": "Unlock any page", "content_type": 1, "codename": "unlock_page"}}, {"model": "auth.permission", "pk": 41, "fields": {"name": "Can add revision", "content_type": 11, "codename": "add_revision"}}, {"model": "auth.permission", "pk": 42, "fields": {"name": "Can change revision", "content_type": 11, "codename": "change_revision"}}, {"model": "auth.permission", "pk": 43, "fields": {"name": "Can delete revision", "content_type": 11, "codename": "delete_revision"}}, {"model": "auth.permission", "pk": 44, "fields": {"name": "Can view revision", "content_type": 11, "codename": "view_revision"}}, {"model": "auth.permission", "pk": 45, "fields": {"name": "Can add group page permission", "content_type": 12, "codename": "add_grouppagepermission"}}, {"model": "auth.permission", "pk": 46, "fields": {"name": "Can change group page permission", "content_type": 12, "codename": "change_grouppagepermission"}}, {"model": "auth.permission", "pk": 47, "fields": {"name": "Can delete group page permission", "content_type": 12, "codename": "delete_grouppagepermission"}}, {"model": "auth.permission", "pk": 48, "fields": {"name": "Can view group page permission", "content_type": 12, "codename": "view_grouppagepermission"}}, {"model": "auth.permission", "pk": 49, "fields": {"name": "Can add page view restriction", "content_type": 13, "codename": "add_pageviewrestriction"}}, {"model": "auth.permission", "pk": 50, "fields": {"name": "Can change page view restriction", "content_type": 13, "codename": "change_pageviewrestriction"}}, {"model": "auth.permission", "pk": 51, "fields": {"name": "Can delete page view restriction", "content_type": 13, "codename": "delete_pageviewrestriction"}}, {"model": "auth.permission", "pk": 52, "fields": {"name": "Can view page view restriction", "content_type": 13, "codename": "view_pageviewrestriction"}}, {"model": "auth.permission", "pk": 53, "fields": {"name": "Can add workflow page", "content_type": 14, "codename": "add_workflowpage"}}, {"model": "auth.permission", "pk": 54, "fields": {"name": "Can change workflow page", "content_type": 14, "codename": "change_workflowpage"}}, {"model": "auth.permission", "pk": 55, "fields": {"name": "Can delete workflow page", "content_type": 14, "codename": "delete_workflowpage"}}, {"model": "auth.permission", "pk": 56, "fields": {"name": "Can view workflow page", "content_type": 14, "codename": "view_workflowpage"}}, {"model": "auth.permission", "pk": 57, "fields": {"name": "Can add workflow content type", "content_type": 15, "codename": "add_workflowcontenttype"}}, {"model": "auth.permission", "pk": 58, "fields": {"name": "Can change workflow content type", "content_type": 15, "codename": "change_workflowcontenttype"}}, {"model": "auth.permission", "pk": 59, "fields": {"name": "Can delete workflow content type", "content_type": 15, "codename": "delete_workflowcontenttype"}}, {"model": "auth.permission", "pk": 60, "fields": {"name": "Can view workflow content type", "content_type": 15, "codename": "view_workflowcontenttype"}}, {"model": "auth.permission", "pk": 61, "fields": {"name": "Can add workflow task order", "content_type": 16, "codename": "add_workflowtask"}}, {"model": "auth.permission", "pk": 62, "fields": {"name": "Can change workflow task order", "content_type": 16, "codename": "change_workflowtask"}}, {"model": "auth.permission", "pk": 63, "fields": {"name": "Can delete workflow task order", "content_type": 16, "codename": "delete_workflowtask"}}, {"model": "auth.permission", "pk": 64, "fields": {"name": "Can view workflow task order", "content_type": 16, "codename": "view_workflowtask"}}, {"model": "auth.permission", "pk": 65, "fields": {"name": "Can add task", "content_type": 17, "codename": "add_task"}}, {"model": "auth.permission", "pk": 66, "fields": {"name": "Can change task", "content_type": 17, "codename": "change_task"}}, {"model": "auth.permission", "pk": 67, "fields": {"name": "Can delete task", "content_type": 17, "codename": "delete_task"}}, {"model": "auth.permission", "pk": 68, "fields": {"name": "Can view task", "content_type": 17, "codename": "view_task"}}, {"model": "auth.permission", "pk": 69, "fields": {"name": "Can add workflow", "content_type": 18, "codename": "add_workflow"}}, {"model": "auth.permission", "pk": 70, "fields": {"name": "Can change workflow", "content_type": 18, "codename": "change_workflow"}}, {"model": "auth.permission", "pk": 71, "fields": {"name": "Can delete workflow", "content_type": 18, "codename": "delete_workflow"}}, {"model": "auth.permission", "pk": 72, "fields": {"name": "Can view workflow", "content_type": 18, "codename": "view_workflow"}}, {"model": "auth.permission", "pk": 73, "fields": {"name": "Can add Group approval task", "content_type": 2, "codename": "add_groupapprovaltask"}}, {"model": "auth.permission", "pk": 74, "fields": {"name": "Can change Group approval task", "content_type": 2, "codename": "change_groupapprovaltask"}}, {"model": "auth.permission", "pk": 75, "fields": {"name": "Can delete Group approval task", "content_type": 2, "codename": "delete_groupapprovaltask"}}, {"model": "auth.permission", "pk": 76, "fields": {"name": "Can view Group approval task", "content_type": 2, "codename": "view_groupapprovaltask"}}, {"model": "auth.permission", "pk": 77, "fields": {"name": "Can add Workflow state", "content_type": 19, "codename": "add_workflowstate"}}, {"model": "auth.permission", "pk": 78, "fields": {"name": "Can change Workflow state", "content_type": 19, "codename": "change_workflowstate"}}, {"model": "auth.permission", "pk": 79, "fields": {"name": "Can delete Workflow state", "content_type": 19, "codename": "delete_workflowstate"}}, {"model": "auth.permission", "pk": 80, "fields": {"name": "Can view Workflow state", "content_type": 19, "codename": "view_workflowstate"}}, {"model": "auth.permission", "pk": 81, "fields": {"name": "Can add Task state", "content_type": 20, "codename": "add_taskstate"}}, {"model": "auth.permission", "pk": 82, "fields": {"name": "Can change Task state", "content_type": 20, "codename": "change_taskstate"}}, {"model": "auth.permission", "pk": 83, "fields": {"name": "Can delete Task state", "content_type": 20, "codename": "delete_taskstate"}}, {"model": "auth.permission", "pk": 84, "fields": {"name": "Can view Task state", "content_type": 20, "codename": "view_taskstate"}}, {"model": "auth.permission", "pk": 85, "fields": {"name": "Can add page log entry", "content_type": 21, "codename": "add_pagelogentry"}}, {"model": "auth.permission", "pk": 86, "fields": {"name": "Can change page log entry", "content_type": 21, "codename": "change_pagelogentry"}}, {"model": "auth.permission", "pk": 87, "fields": {"name": "Can delete page log entry", "content_type": 21, "codename": "delete_pagelogentry"}}, {"model": "auth.permission", "pk": 88, "fields": {"name": "Can view page log entry", "content_type": 21, "codename": "view_pagelogentry"}}, {"model": "auth.permission", "pk": 89, "fields": {"name": "Can add comment", "content_type": 22, "codename": "add_comment"}}, {"model": "auth.permission", "pk": 90, "fields": {"name": "Can change comment", "content_type": 22, "codename": "change_comment"}}, {"model": "auth.permission", "pk": 91, "fields": {"name": "Can delete comment", "content_type": 22, "codename": "delete_comment"}}, {"model": "auth.permission", "pk": 92, "fields": {"name": "Can view comment", "content_type": 22, "codename": "view_comment"}}, {"model": "auth.permission", "pk": 93, "fields": {"name": "Can add comment reply", "content_type": 23, "codename": "add_commentreply"}}, {"model": "auth.permission", "pk": 94, "fields": {"name": "Can change comment reply", "content_type": 23, "codename": "change_commentreply"}}, {"model": "auth.permission", "pk": 95, "fields": {"name": "Can delete comment reply", "content_type": 23, "codename": "delete_commentreply"}}, {"model": "auth.permission", "pk": 96, "fields": {"name": "Can view comment reply", "content_type": 23, "codename": "view_commentreply"}}, {"model": "auth.permission", "pk": 97, "fields": {"name": "Can add page subscription", "content_type": 24, "codename": "add_pagesubscription"}}, {"model": "auth.permission", "pk": 98, "fields": {"name": "Can change page subscription", "content_type": 24, "codename": "change_pagesubscription"}}, {"model": "auth.permission", "pk": 99, "fields": {"name": "Can delete page subscription", "content_type": 24, "codename": "delete_pagesubscription"}}, {"model": "auth.permission", "pk": 100, "fields": {"name": "Can view page subscription", "content_type": 24, "codename": "view_pagesubscription"}}, {"model": "auth.permission", "pk": 101, "fields": {"name": "Can access Wagtail admin", "content_type": 25, "codename": "access_admin"}}, {"model": "auth.permission", "pk": 102, "fields": {"name": "Can add document", "content_type": 26, "codename": "add_document"}}, {"model": "auth.permission", "pk": 103, "fields": {"name": "Can change document", "content_type": 26, "codename": "change_document"}}, {"model": "auth.permission", "pk": 104, "fields": {"name": "Can delete document", "content_type": 26, "codename": "delete_document"}}, {"model": "auth.permission", "pk": 105, "fields": {"name": "Can choose document", "content_type": 26, "codename": "choose_document"}}, {"model": "auth.permission", "pk": 106, "fields": {"name": "Can add permission", "content_type": 27, "codename": "add_permission"}}, {"model": "auth.permission", "pk": 107, "fields": {"name": "Can change permission", "content_type": 27, "codename": "change_permission"}}, {"model": "auth.permission", "pk": 108, "fields": {"name": "Can delete permission", "content_type": 27, "codename": "delete_permission"}}, {"model": "auth.permission", "pk": 109, "fields": {"name": "Can view permission", "content_type": 27, "codename": "view_permission"}}, {"model": "auth.permission", "pk": 110, "fields": {"name": "Can add group", "content_type": 28, "codename": "add_group"}}, {"model": "auth.permission", "pk": 111, "fields": {"name": "Can change group", "content_type": 28, "codename": "change_group"}}, {"model": "auth.permission", "pk": 112, "fields": {"name": "Can delete group", "content_type": 28, "codename": "delete_group"}}, {"model": "auth.permission", "pk": 113, "fields": {"name": "Can view group", "content_type": 28, "codename": "view_group"}}, {"model": "auth.permission", "pk": 114, "fields": {"name": "Can add content type", "content_type": 29, "codename": "add_contenttype"}}, {"model": "auth.permission", "pk": 115, "fields": {"name": "Can change content type", "content_type": 29, "codename": "change_contenttype"}}, {"model": "auth.permission", "pk": 116, "fields": {"name": "Can delete content type", "content_type": 29, "codename": "delete_contenttype"}}, {"model": "auth.permission", "pk": 117, "fields": {"name": "Can view content type", "content_type": 29, "codename": "view_contenttype"}}, {"model": "auth.permission", "pk": 118, "fields": {"name": "Can add session", "content_type": 30, "codename": "add_session"}}, {"model": "auth.permission", "pk": 119, "fields": {"name": "Can change session", "content_type": 30, "codename": "change_session"}}, {"model": "auth.permission", "pk": 120, "fields": {"name": "Can delete session", "content_type": 30, "codename": "delete_session"}}, {"model": "auth.permission", "pk": 121, "fields": {"name": "Can view session", "content_type": 30, "codename": "view_session"}}, {"model": "auth.permission", "pk": 122, "fields": {"name": "Can add site", "content_type": 31, "codename": "add_site"}}, {"model": "auth.permission", "pk": 123, "fields": {"name": "Can change site", "content_type": 31, "codename": "change_site"}}, {"model": "auth.permission", "pk": 124, "fields": {"name": "Can delete site", "content_type": 31, "codename": "delete_site"}}, {"model": "auth.permission", "pk": 125, "fields": {"name": "Can view site", "content_type": 31, "codename": "view_site"}}, {"model": "auth.permission", "pk": 126, "fields": {"name": "Can add log entry", "content_type": 32, "codename": "add_logentry"}}, {"model": "auth.permission", "pk": 127, "fields": {"name": "Can change log entry", "content_type": 32, "codename": "change_logentry"}}, {"model": "auth.permission", "pk": 128, "fields": {"name": "Can delete log entry", "content_type": 32, "codename": "delete_logentry"}}, {"model": "auth.permission", "pk": 129, "fields": {"name": "Can view log entry", "content_type": 32, "codename": "view_logentry"}}, {"model": "auth.permission", "pk": 130, "fields": {"name": "Can add email address", "content_type": 33, "codename": "add_emailaddress"}}, {"model": "auth.permission", "pk": 131, "fields": {"name": "Can change email address", "content_type": 33, "codename": "change_emailaddress"}}, {"model": "auth.permission", "pk": 132, "fields": {"name": "Can delete email address", "content_type": 33, "codename": "delete_emailaddress"}}, {"model": "auth.permission", "pk": 133, "fields": {"name": "Can view email address", "content_type": 33, "codename": "view_emailaddress"}}, {"model": "auth.permission", "pk": 134, "fields": {"name": "Can add email confirmation", "content_type": 34, "codename": "add_emailconfirmation"}}, {"model": "auth.permission", "pk": 135, "fields": {"name": "Can change email confirmation", "content_type": 34, "codename": "change_emailconfirmation"}}, {"model": "auth.permission", "pk": 136, "fields": {"name": "Can delete email confirmation", "content_type": 34, "codename": "delete_emailconfirmation"}}, {"model": "auth.permission", "pk": 137, "fields": {"name": "Can view email confirmation", "content_type": 34, "codename": "view_emailconfirmation"}}, {"model": "auth.permission", "pk": 138, "fields": {"name": "Can add social account", "content_type": 35, "codename": "add_socialaccount"}}, {"model": "auth.permission", "pk": 139, "fields": {"name": "Can change social account", "content_type": 35, "codename": "change_socialaccount"}}, {"model": "auth.permission", "pk": 140, "fields": {"name": "Can delete social account", "content_type": 35, "codename": "delete_socialaccount"}}, {"model": "auth.permission", "pk": 141, "fields": {"name": "Can view social account", "content_type": 35, "codename": "view_socialaccount"}}, {"model": "auth.permission", "pk": 142, "fields": {"name": "Can add social application", "content_type": 36, "codename": "add_socialapp"}}, {"model": "auth.permission", "pk": 143, "fields": {"name": "Can change social application", "content_type": 36, "codename": "change_socialapp"}}, {"model": "auth.permission", "pk": 144, "fields": {"name": "Can delete social application", "content_type": 36, "codename": "delete_socialapp"}}, {"model": "auth.permission", "pk": 145, "fields": {"name": "Can view social application", "content_type": 36, "codename": "view_socialapp"}}, {"model": "auth.permission", "pk": 146, "fields": {"name": "Can add social application token", "content_type": 37, "codename": "add_socialtoken"}}, {"model": "auth.permission", "pk": 147, "fields": {"name": "Can change social application token", "content_type": 37, "codename": "change_socialtoken"}}, {"model": "auth.permission", "pk": 148, "fields": {"name": "Can delete social application token", "content_type": 37, "codename": "delete_socialtoken"}}, {"model": "auth.permission", "pk": 149, "fields": {"name": "Can view social application token", "content_type": 37, "codename": "view_socialtoken"}}, {"model": "auth.permission", "pk": 150, "fields": {"name": "Can add Token", "content_type": 38, "codename": "add_token"}}, {"model": "auth.permission", "pk": 151, "fields": {"name": "Can change Token", "content_type": 38, "codename": "change_token"}}, {"model": "auth.permission", "pk": 152, "fields": {"name": "Can delete Token", "content_type": 38, "codename": "delete_token"}}, {"model": "auth.permission", "pk": 153, "fields": {"name": "Can view Token", "content_type": 38, "codename": "view_token"}}, {"model": "auth.permission", "pk": 154, "fields": {"name": "Can add token", "content_type": 39, "codename": "add_tokenproxy"}}, {"model": "auth.permission", "pk": 155, "fields": {"name": "Can change token", "content_type": 39, "codename": "change_tokenproxy"}}, {"model": "auth.permission", "pk": 156, "fields": {"name": "Can delete token", "content_type": 39, "codename": "delete_tokenproxy"}}, {"model": "auth.permission", "pk": 157, "fields": {"name": "Can view token", "content_type": 39, "codename": "view_tokenproxy"}}, {"model": "auth.permission", "pk": 158, "fields": {"name": "Can add home page", "content_type": 40, "codename": "add_homepage"}}, {"model": "auth.permission", "pk": 159, "fields": {"name": "Can change home page", "content_type": 40, "codename": "change_homepage"}}, {"model": "auth.permission", "pk": 160, "fields": {"name": "Can delete home page", "content_type": 40, "codename": "delete_homepage"}}, {"model": "auth.permission", "pk": 161, "fields": {"name": "Can view home page", "content_type": 40, "codename": "view_homepage"}}, {"model": "auth.permission", "pk": 162, "fields": {"name": "Can add join page", "content_type": 41, "codename": "add_joinpage"}}, {"model": "auth.permission", "pk": 163, "fields": {"name": "Can change join page", "content_type": 41, "codename": "change_joinpage"}}, {"model": "auth.permission", "pk": 164, "fields": {"name": "Can delete join page", "content_type": 41, "codename": "delete_joinpage"}}, {"model": "auth.permission", "pk": 165, "fields": {"name": "Can view join page", "content_type": 41, "codename": "view_joinpage"}}, {"model": "auth.permission", "pk": 166, "fields": {"name": "Can add form submission", "content_type": 42, "codename": "add_formsubmission"}}, {"model": "auth.permission", "pk": 167, "fields": {"name": "Can change form submission", "content_type": 42, "codename": "change_formsubmission"}}, {"model": "auth.permission", "pk": 168, "fields": {"name": "Can delete form submission", "content_type": 42, "codename": "delete_formsubmission"}}, {"model": "auth.permission", "pk": 169, "fields": {"name": "Can view form submission", "content_type": 42, "codename": "view_formsubmission"}}, {"model": "auth.permission", "pk": 170, "fields": {"name": "Can add redirect", "content_type": 43, "codename": "add_redirect"}}, {"model": "auth.permission", "pk": 171, "fields": {"name": "Can change redirect", "content_type": 43, "codename": "change_redirect"}}, {"model": "auth.permission", "pk": 172, "fields": {"name": "Can delete redirect", "content_type": 43, "codename": "delete_redirect"}}, {"model": "auth.permission", "pk": 173, "fields": {"name": "Can view redirect", "content_type": 43, "codename": "view_redirect"}}, {"model": "auth.permission", "pk": 174, "fields": {"name": "Can add embed", "content_type": 44, "codename": "add_embed"}}, {"model": "auth.permission", "pk": 175, "fields": {"name": "Can change embed", "content_type": 44, "codename": "change_embed"}}, {"model": "auth.permission", "pk": 176, "fields": {"name": "Can delete embed", "content_type": 44, "codename": "delete_embed"}}, {"model": "auth.permission", "pk": 177, "fields": {"name": "Can view embed", "content_type": 44, "codename": "view_embed"}}, {"model": "auth.permission", "pk": 178, "fields": {"name": "Can add user profile", "content_type": 45, "codename": "add_userprofile"}}, {"model": "auth.permission", "pk": 179, "fields": {"name": "Can change user profile", "content_type": 45, "codename": "change_userprofile"}}, {"model": "auth.permission", "pk": 180, "fields": {"name": "Can delete user profile", "content_type": 45, "codename": "delete_userprofile"}}, {"model": "auth.permission", "pk": 181, "fields": {"name": "Can view user profile", "content_type": 45, "codename": "view_userprofile"}}, {"model": "auth.permission", "pk": 182, "fields": {"name": "Can publish Update", "content_type": 46, "codename": "publish_newspage"}}, {"model": "auth.permission", "pk": 183, "fields": {"name": "Can lock Update", "content_type": 46, "codename": "lock_newspage"}}, {"model": "auth.permission", "pk": 184, "fields": {"name": "Can unlock Update", "content_type": 46, "codename": "unlock_newspage"}}, {"model": "auth.permission", "pk": 185, "fields": {"name": "Can view document", "content_type": 26, "codename": "view_document"}}, {"model": "auth.permission", "pk": 186, "fields": {"name": "Can add uploaded document", "content_type": 48, "codename": "add_uploadeddocument"}}, {"model": "auth.permission", "pk": 187, "fields": {"name": "Can change uploaded document", "content_type": 48, "codename": "change_uploadeddocument"}}, {"model": "auth.permission", "pk": 188, "fields": {"name": "Can delete uploaded document", "content_type": 48, "codename": "delete_uploadeddocument"}}, {"model": "auth.permission", "pk": 189, "fields": {"name": "Can view uploaded document", "content_type": 48, "codename": "view_uploadeddocument"}}, {"model": "auth.permission", "pk": 190, "fields": {"name": "Can view image", "content_type": 3, "codename": "view_image"}}, {"model": "auth.permission", "pk": 191, "fields": {"name": "Can add rendition", "content_type": 49, "codename": "add_rendition"}}, {"model": "auth.permission", "pk": 192, "fields": {"name": "Can change rendition", "content_type": 49, "codename": "change_rendition"}}, {"model": "auth.permission", "pk": 193, "fields": {"name": "Can delete rendition", "content_type": 49, "codename": "delete_rendition"}}, {"model": "auth.permission", "pk": 194, "fields": {"name": "Can view rendition", "content_type": 49, "codename": "view_rendition"}}, {"model": "auth.permission", "pk": 195, "fields": {"name": "Can add uploaded image", "content_type": 50, "codename": "add_uploadedimage"}}, {"model": "auth.permission", "pk": 196, "fields": {"name": "Can change uploaded image", "content_type": 50, "codename": "change_uploadedimage"}}, {"model": "auth.permission", "pk": 197, "fields": {"name": "Can delete uploaded image", "content_type": 50, "codename": "delete_uploadedimage"}}, {"model": "auth.permission", "pk": 198, "fields": {"name": "Can view uploaded image", "content_type": 50, "codename": "view_uploadedimage"}}, {"model": "auth.permission", "pk": 199, "fields": {"name": "Can add query", "content_type": 51, "codename": "add_query"}}, {"model": "auth.permission", "pk": 200, "fields": {"name": "Can change query", "content_type": 51, "codename": "change_query"}}, {"model": "auth.permission", "pk": 201, "fields": {"name": "Can delete query", "content_type": 51, "codename": "delete_query"}}, {"model": "auth.permission", "pk": 202, "fields": {"name": "Can view query", "content_type": 51, "codename": "view_query"}}, {"model": "auth.permission", "pk": 203, "fields": {"name": "Can add Query Daily Hits", "content_type": 52, "codename": "add_querydailyhits"}}, {"model": "auth.permission", "pk": 204, "fields": {"name": "Can change Query Daily Hits", "content_type": 52, "codename": "change_querydailyhits"}}, {"model": "auth.permission", "pk": 205, "fields": {"name": "Can delete Query Daily Hits", "content_type": 52, "codename": "delete_querydailyhits"}}, {"model": "auth.permission", "pk": 206, "fields": {"name": "Can view Query Daily Hits", "content_type": 52, "codename": "view_querydailyhits"}}, {"model": "auth.permission", "pk": 207, "fields": {"name": "Can add index entry", "content_type": 53, "codename": "add_indexentry"}}, {"model": "auth.permission", "pk": 208, "fields": {"name": "Can change index entry", "content_type": 53, "codename": "change_indexentry"}}, {"model": "auth.permission", "pk": 209, "fields": {"name": "Can delete index entry", "content_type": 53, "codename": "delete_indexentry"}}, {"model": "auth.permission", "pk": 210, "fields": {"name": "Can view index entry", "content_type": 53, "codename": "view_indexentry"}}, {"model": "auth.permission", "pk": 211, "fields": {"name": "Can add tag", "content_type": 54, "codename": "add_tag"}}, {"model": "auth.permission", "pk": 212, "fields": {"name": "Can change tag", "content_type": 54, "codename": "change_tag"}}, {"model": "auth.permission", "pk": 213, "fields": {"name": "Can delete tag", "content_type": 54, "codename": "delete_tag"}}, {"model": "auth.permission", "pk": 214, "fields": {"name": "Can view tag", "content_type": 54, "codename": "view_tag"}}, {"model": "auth.permission", "pk": 215, "fields": {"name": "Can add tagged item", "content_type": 55, "codename": "add_taggeditem"}}, {"model": "auth.permission", "pk": 216, "fields": {"name": "Can change tagged item", "content_type": 55, "codename": "change_taggeditem"}}, {"model": "auth.permission", "pk": 217, "fields": {"name": "Can delete tagged item", "content_type": 55, "codename": "delete_taggeditem"}}, {"model": "auth.permission", "pk": 218, "fields": {"name": "Can view tagged item", "content_type": 55, "codename": "view_taggeditem"}}, {"model": "auth.permission", "pk": 219, "fields": {"name": "Can add user", "content_type": 56, "codename": "add_user"}}, {"model": "auth.permission", "pk": 220, "fields": {"name": "Can change user", "content_type": 56, "codename": "change_user"}}, {"model": "auth.permission", "pk": 221, "fields": {"name": "Can delete user", "content_type": 56, "codename": "delete_user"}}, {"model": "auth.permission", "pk": 222, "fields": {"name": "Can view user", "content_type": 56, "codename": "view_user"}}, {"model": "auth.permission", "pk": 223, "fields": {"name": "Can add api calls", "content_type": 57, "codename": "add_apicalls"}}, {"model": "auth.permission", "pk": 224, "fields": {"name": "Can change api calls", "content_type": 57, "codename": "change_apicalls"}}, {"model": "auth.permission", "pk": 225, "fields": {"name": "Can delete api calls", "content_type": 57, "codename": "delete_apicalls"}}, {"model": "auth.permission", "pk": 226, "fields": {"name": "Can view api calls", "content_type": 57, "codename": "view_apicalls"}}, {"model": "auth.permission", "pk": 227, "fields": {"name": "Can add event", "content_type": 47, "codename": "add_event"}}, {"model": "auth.permission", "pk": 228, "fields": {"name": "Can change event", "content_type": 47, "codename": "change_event"}}, {"model": "auth.permission", "pk": 229, "fields": {"name": "Can delete event", "content_type": 47, "codename": "delete_event"}}, {"model": "auth.permission", "pk": 230, "fields": {"name": "Can view event", "content_type": 47, "codename": "view_event"}}, {"model": "auth.permission", "pk": 231, "fields": {"name": "Can add event page", "content_type": 58, "codename": "add_eventpage"}}, {"model": "auth.permission", "pk": 232, "fields": {"name": "Can change event page", "content_type": 58, "codename": "change_eventpage"}}, {"model": "auth.permission", "pk": 233, "fields": {"name": "Can delete event page", "content_type": 58, "codename": "delete_eventpage"}}, {"model": "auth.permission", "pk": 234, "fields": {"name": "Can view event page", "content_type": 58, "codename": "view_eventpage"}}, {"model": "auth.permission", "pk": 235, "fields": {"name": "Can add person", "content_type": 59, "codename": "add_person"}}, {"model": "auth.permission", "pk": 236, "fields": {"name": "Can change person", "content_type": 59, "codename": "change_person"}}, {"model": "auth.permission", "pk": 237, "fields": {"name": "Can delete person", "content_type": 59, "codename": "delete_person"}}, {"model": "auth.permission", "pk": 238, "fields": {"name": "Can view person", "content_type": 59, "codename": "view_person"}}, {"model": "auth.permission", "pk": 239, "fields": {"name": "Can add Formation", "content_type": 60, "codename": "add_committeepage"}}, {"model": "auth.permission", "pk": 240, "fields": {"name": "Can change Formation", "content_type": 60, "codename": "change_committeepage"}}, {"model": "auth.permission", "pk": 241, "fields": {"name": "Can delete Formation", "content_type": 60, "codename": "delete_committeepage"}}, {"model": "auth.permission", "pk": 242, "fields": {"name": "Can view Formation", "content_type": 60, "codename": "view_committeepage"}}, {"model": "auth.permission", "pk": 243, "fields": {"name": "Can add committees page", "content_type": 61, "codename": "add_committeespage"}}, {"model": "auth.permission", "pk": 244, "fields": {"name": "Can change committees page", "content_type": 61, "codename": "change_committeespage"}}, {"model": "auth.permission", "pk": 245, "fields": {"name": "Can delete committees page", "content_type": 61, "codename": "delete_committeespage"}}, {"model": "auth.permission", "pk": 246, "fields": {"name": "Can view committees page", "content_type": 61, "codename": "view_committeespage"}}, {"model": "auth.permission", "pk": 247, "fields": {"name": "Can add resources page", "content_type": 62, "codename": "add_resourcespage"}}, {"model": "auth.permission", "pk": 248, "fields": {"name": "Can change resources page", "content_type": 62, "codename": "change_resourcespage"}}, {"model": "auth.permission", "pk": 249, "fields": {"name": "Can delete resources page", "content_type": 62, "codename": "delete_resourcespage"}}, {"model": "auth.permission", "pk": 250, "fields": {"name": "Can view resources page", "content_type": 62, "codename": "view_resourcespage"}}, {"model": "auth.permission", "pk": 251, "fields": {"name": "Can add formations page", "content_type": 63, "codename": "add_formationspage"}}, {"model": "auth.permission", "pk": 252, "fields": {"name": "Can change formations page", "content_type": 63, "codename": "change_formationspage"}}, {"model": "auth.permission", "pk": 253, "fields": {"name": "Can delete formations page", "content_type": 63, "codename": "delete_formationspage"}}, {"model": "auth.permission", "pk": 254, "fields": {"name": "Can view formations page", "content_type": 63, "codename": "view_formationspage"}}, {"model": "auth.permission", "pk": 255, "fields": {"name": "Can add Updates", "content_type": 64, "codename": "add_newsindexpage"}}, {"model": "auth.permission", "pk": 256, "fields": {"name": "Can change Updates", "content_type": 64, "codename": "change_newsindexpage"}}, {"model": "auth.permission", "pk": 257, "fields": {"name": "Can delete Updates", "content_type": 64, "codename": "delete_newsindexpage"}}, {"model": "auth.permission", "pk": 258, "fields": {"name": "Can view Updates", "content_type": 64, "codename": "view_newsindexpage"}}, {"model": "auth.permission", "pk": 259, "fields": {"name": "Can add Update", "content_type": 46, "codename": "add_newspage"}}, {"model": "auth.permission", "pk": 260, "fields": {"name": "Can change Update", "content_type": 46, "codename": "change_newspage"}}, {"model": "auth.permission", "pk": 261, "fields": {"name": "Can delete Update", "content_type": 46, "codename": "delete_newspage"}}, {"model": "auth.permission", "pk": 262, "fields": {"name": "Can view Update", "content_type": 46, "codename": "view_newspage"}}, {"model": "auth.permission", "pk": 263, "fields": {"name": "Can add info page", "content_type": 65, "codename": "add_infopage"}}, {"model": "auth.permission", "pk": 264, "fields": {"name": "Can change info page", "content_type": 65, "codename": "change_infopage"}}, {"model": "auth.permission", "pk": 265, "fields": {"name": "Can delete info page", "content_type": 65, "codename": "delete_infopage"}}, {"model": "auth.permission", "pk": 266, "fields": {"name": "Can view info page", "content_type": 65, "codename": "view_infopage"}}, {"model": "auth.permission", "pk": 267, "fields": {"name": "Can add document page", "content_type": 66, "codename": "add_documentpage"}}, {"model": "auth.permission", "pk": 268, "fields": {"name": "Can change document page", "content_type": 66, "codename": "change_documentpage"}}, {"model": "auth.permission", "pk": 269, "fields": {"name": "Can delete document page", "content_type": 66, "codename": "delete_documentpage"}}, {"model": "auth.permission", "pk": 270, "fields": {"name": "Can view document page", "content_type": 66, "codename": "view_documentpage"}}, {"model": "auth.permission", "pk": 271, "fields": {"name": "Can add news page related story", "content_type": 67, "codename": "add_newspagerelatedstory"}}, {"model": "auth.permission", "pk": 272, "fields": {"name": "Can change news page related story", "content_type": 67, "codename": "change_newspagerelatedstory"}}, {"model": "auth.permission", "pk": 273, "fields": {"name": "Can delete news page related story", "content_type": 67, "codename": "delete_newspagerelatedstory"}}, {"model": "auth.permission", "pk": 274, "fields": {"name": "Can view news page related story", "content_type": 67, "codename": "view_newspagerelatedstory"}}, {"model": "auth.permission", "pk": 275, "fields": {"name": "Can add executive committee page", "content_type": 68, "codename": "add_executivecommitteepage"}}, {"model": "auth.permission", "pk": 276, "fields": {"name": "Can change executive committee page", "content_type": 68, "codename": "change_executivecommitteepage"}}, {"model": "auth.permission", "pk": 277, "fields": {"name": "Can delete executive committee page", "content_type": 68, "codename": "delete_executivecommitteepage"}}, {"model": "auth.permission", "pk": 278, "fields": {"name": "Can view executive committee page", "content_type": 68, "codename": "view_executivecommitteepage"}}, {"model": "auth.permission", "pk": 279, "fields": {"name": "Can add officers", "content_type": 69, "codename": "add_officers"}}, {"model": "auth.permission", "pk": 280, "fields": {"name": "Can change officers", "content_type": 69, "codename": "change_officers"}}, {"model": "auth.permission", "pk": 281, "fields": {"name": "Can delete officers", "content_type": 69, "codename": "delete_officers"}}, {"model": "auth.permission", "pk": 282, "fields": {"name": "Can view officers", "content_type": 69, "codename": "view_officers"}}, {"model": "auth.permission", "pk": 283, "fields": {"name": "Can add bylaws page", "content_type": 70, "codename": "add_bylawspage"}}, {"model": "auth.permission", "pk": 284, "fields": {"name": "Can change bylaws page", "content_type": 70, "codename": "change_bylawspage"}}, {"model": "auth.permission", "pk": 285, "fields": {"name": "Can delete bylaws page", "content_type": 70, "codename": "delete_bylawspage"}}, {"model": "auth.permission", "pk": 286, "fields": {"name": "Can view bylaws page", "content_type": 70, "codename": "view_bylawspage"}}, {"model": "auth.permission", "pk": 287, "fields": {"name": "Can add bylaw article", "content_type": 71, "codename": "add_bylawarticle"}}, {"model": "auth.permission", "pk": 288, "fields": {"name": "Can change bylaw article", "content_type": 71, "codename": "change_bylawarticle"}}, {"model": "auth.permission", "pk": 289, "fields": {"name": "Can delete bylaw article", "content_type": 71, "codename": "delete_bylawarticle"}}, {"model": "auth.permission", "pk": 290, "fields": {"name": "Can view bylaw article", "content_type": 71, "codename": "view_bylawarticle"}}, {"model": "auth.group", "pk": 1, "fields": {"name": "Moderators", "permissions": [101, 102, 103, 105, 104, 1, 2, 3]}}, {"model": "auth.group", "pk": 2, "fields": {"name": "Editors", "permissions": [101, 102, 103, 105, 104, 1, 2, 3]}}, {"model": "auth.group", "pk": 3, "fields": {"name": "Members", "permissions": []}}, {"model": "contenttypes.contenttype", "pk": 1, "fields": {"app_label": "wagtailcore", "model": "page"}}, {"model": "contenttypes.contenttype", "pk": 2, "fields": {"app_label": "wagtailcore", "model": "groupapprovaltask"}}, {"model": "contenttypes.contenttype", "pk": 3, "fields": {"app_label": "wagtailimages", "model": "image"}}, {"model": "contenttypes.contenttype", "pk": 4, "fields": {"app_label": "wagtailcore", "model": "locale"}}, {"model": "contenttypes.contenttype", "pk": 5, "fields": {"app_label": "wagtailcore", "model": "site"}}, {"model": "contenttypes.contenttype", "pk": 6, "fields": {"app_label": "wagtailcore", "model": "modellogentry"}}, {"model": "contenttypes.contenttype", "pk": 7, "fields": {"app_label": "wagtailcore", "model": "collectionviewrestriction"}}, {"model": "contenttypes.contenttype", "pk": 8, "fields": {"app_label": "wagtailcore", "model": "collection"}}, {"model": "contenttypes.contenttype", "pk": 9, "fields": {"app_label": "wagtailcore", "model": "groupcollectionpermission"}}, {"model": "contenttypes.contenttype", "pk": 10, "fields": {"app_label": "wagtailcore", "model": "referenceindex"}}, {"model": "contenttypes.contenttype", "pk": 11, "fields": {"app_label": "wagtailcore", "model": "revision"}}, {"model": "contenttypes.contenttype", "pk": 12, "fields": {"app_label": "wagtailcore", "model": "grouppagepermission"}}, {"model": "contenttypes.contenttype", "pk": 13, "fields": {"app_label": "wagtailcore", "model": "pageviewrestriction"}}, {"model": "contenttypes.contenttype", "pk": 14, "fields": {"app_label": "wagtailcore", "model": "workflowpage"}}, {"model": "contenttypes.contenttype", "pk": 15, "fields": {"app_label": "wagtailcore", "model": "workflowcontenttype"}}, {"model": "contenttypes.contenttype", "pk": 16, "fields": {"app_label": "wagtailcore", "model": "workflowtask"}}, {"model": "contenttypes.contenttype", "pk": 17, "fields": {"app_label": "wagtailcore", "model": "task"}}, {"model": "contenttypes.contenttype", "pk": 18, "fields": {"app_label": "wagtailcore", "model": "workflow"}}, {"model": "contenttypes.contenttype", "pk": 19, "fields": {"app_label": "wagtailcore", "model": "workflowstate"}}, {"model": "contenttypes.contenttype", "pk": 20, "fields": {"app_label": "wagtailcore", "model": "taskstate"}}, {"model": "contenttypes.contenttype", "pk": 21, "fields": {"app_label": "wagtailcore", "model": "pagelogentry"}}, {"model": "contenttypes.contenttype", "pk": 22, "fields": {"app_label": "wagtailcore", "model": "comment"}}, {"model": "contenttypes.contenttype", "pk": 23, "fields": {"app_label": "wagtailcore", "model": "commentreply"}}, {"model": "contenttypes.contenttype", "pk": 24, "fields": {"app_label": "wagtailcore", "model": "pagesubscription"}}, {"model": "contenttypes.contenttype", "pk": 25, "fields": {"app_label": "wagtailadmin", "model": "admin"}}, {"model": "contenttypes.contenttype", "pk": 26, "fields": {"app_label": "wagtaildocs", "model": "document"}}, {"model": "contenttypes.contenttype", "pk": 27, "fields": {"app_label": "auth", "model": "permission"}}, {"model": "contenttypes.contenttype", "pk": 28, "fields": {"app_label": "auth", "model": "group"}}, {"model": "contenttypes.contenttype", "pk": 29, "fields": {"app_label": "contenttypes", "model": "contenttype"}}, {"model": "contenttypes.contenttype", "pk": 30, "fields": {"app_label": "sessions", "model": "session"}}, {"model": "contenttypes.contenttype", "pk": 31, "fields": {"app_label": "sites", "model": "site"}}, {"model": "contenttypes.contenttype", "pk": 32, "fields": {"app_label": "admin", "model": "logentry"}}, {"model": "contenttypes.contenttype", "pk": 33, "fields": {"app_label": "account", "model": "emailaddress"}}, {"model": "contenttypes.contenttype", "pk": 34, "fields": {"app_label": "account", "model": "emailconfirmation"}}, {"model": "contenttypes.contenttype", "pk": 35, "fields": {"app_label": "socialaccount", "model": "socialaccount"}}, {"model": "contenttypes.contenttype", "pk": 36, "fields": {"app_label": "socialaccount", "model": "socialapp"}}, {"model": "contenttypes.contenttype", "pk": 37, "fields": {"app_label": "socialaccount", "model": "socialtoken"}}, {"model": "contenttypes.contenttype", "pk": 38, "fields": {"app_label": "authtoken", "model": "token"}}, {"model": "contenttypes.contenttype", "pk": 39, "fields": {"app_label": "authtoken", "model": "tokenproxy"}}, {"model": "contenttypes.contenttype", "pk": 40, "fields": {"app_label": "home", "model": "homepage"}}, {"model": "contenttypes.contenttype", "pk": 41, "fields": {"app_label": "home", "model": "joinpage"}}, {"model": "contenttypes.contenttype", "pk": 42, "fields": {"app_label": "wagtailforms", "model": "formsubmission"}}, {"model": "contenttypes.contenttype", "pk": 43, "fields": {"app_label": "wagtailredirects", "model": "redirect"}}, {"model": "contenttypes.contenttype", "pk": 44, "fields": {"app_label": "wagtailembeds", "model": "embed"}}, {"model": "contenttypes.contenttype", "pk": 45, "fields": {"app_label": "wagtailusers", "model": "userprofile"}}, {"model": "contenttypes.contenttype", "pk": 46, "fields": {"app_label": "news", "model": "newspage"}}, {"model": "contenttypes.contenttype", "pk": 47, "fields": {"app_label": "events", "model": "event"}}, {"model": "contenttypes.contenttype", "pk": 48, "fields": {"app_label": "wagtaildocs", "model": "uploadeddocument"}}, {"model": "contenttypes.contenttype", "pk": 49, "fields": {"app_label": "wagtailimages", "model": "rendition"}}, {"model": "contenttypes.contenttype", "pk": 50, "fields": {"app_label": "wagtailimages", "model": "uploadedimage"}}, {"model": "contenttypes.contenttype", "pk": 51, "fields": {"app_label": "wagtailsearch", "model": "query"}}, {"model": "contenttypes.contenttype", "pk": 52, "fields": {"app_label": "wagtailsearch", "model": "querydailyhits"}}, {"model": "contenttypes.contenttype", "pk": 53, "fields": {"app_label": "wagtailsearch", "model": "indexentry"}}, {"model": "contenttypes.contenttype", "pk": 54, "fields": {"app_label": "taggit", "model": "tag"}}, {"model": "contenttypes.contenttype", "pk": 55, "fields": {"app_label": "taggit", "model": "taggeditem"}}, {"model": "contenttypes.contenttype", "pk": 56, "fields": {"app_label": "users", "model": "user"}}, {"model": "contenttypes.contenttype", "pk": 57, "fields": {"app_label": "events", "model": "apicalls"}}, {"model": "contenttypes.contenttype", "pk": 58, "fields": {"app_label": "events", "model": "eventpage"}}, {"model": "contenttypes.contenttype", "pk": 59, "fields": {"app_label": "committees", "model": "person"}}, {"model": "contenttypes.contenttype", "pk": 60, "fields": {"app_label": "committees", "model": "committeepage"}}, {"model": "contenttypes.contenttype", "pk": 61, "fields": {"app_label": "committees", "model": "committeespage"}}, {"model": "contenttypes.contenttype", "pk": 62, "fields": {"app_label": "committees", "model": "resourcespage"}}, {"model": "contenttypes.contenttype", "pk": 63, "fields": {"app_label": "committees", "model": "formationspage"}}, {"model": "contenttypes.contenttype", "pk": 64, "fields": {"app_label": "news", "model": "newsindexpage"}}, {"model": "contenttypes.contenttype", "pk": 65, "fields": {"app_label": "news", "model": "infopage"}}, {"model": "contenttypes.contenttype", "pk": 66, "fields": {"app_label": "news", "model": "documentpage"}}, {"model": "contenttypes.contenttype", "pk": 67, "fields": {"app_label": "news", "model": "newspagerelatedstory"}}, {"model": "contenttypes.contenttype", "pk": 68, "fields": {"app_label": "about", "model": "executivecommitteepage"}}, {"model": "contenttypes.contenttype", "pk": 69, "fields": {"app_label": "about", "model": "officers"}}, {"model": "contenttypes.contenttype", "pk": 70, "fields": {"app_label": "about", "model": "bylawspage"}}, {"model": "contenttypes.contenttype", "pk": 71, "fields": {"app_label": "about", "model": "bylawarticle"}}, {"model": "sessions.session", "pk": "zurze6suxzlakc3mzdbeofj3hjfigai5", "fields": {"session_data": ".eJxVjMsOwiAUBf-FtSEXKI_bpXu_gfC0qAFT2kRj_Hdt0oVuz8yZF7FuXSa79jTbEslIGDn8bt6Fa6obiBdXz42GVpe5eLopdKednlpMt-Pu_gUm16fv20mOkonApFYhRMjOacF5FBJRRjVARGOMzB5RBABhEDTGQXPuwKuct2hPvZdWbXrcy_wkI-OACuD9Ac7mP2M:1r2lHJ:kyOnMJ1XMEcXkQTynu7y0e2e6B1EH3KfRrwgCDHLRW8", "expire_date": "2023-11-28T04:43:57.305Z"}}, {"model": "sites.site", "pk": 1, "fields": {"domain": "stldsa.org", "name": "STL DSA"}}, {"model": "home.homepage", "pk": 3, "fields": {"highlighted_campaign": "Become an internal organizer!", "highlighted_description": "<p data-block-key=\"edcod\">Internal Organizers are active members who take the lead on reaching out regularly to our current and new members to welcome them into the chapter and help them find their role as active members of STL DSA.</p><p data-block-key=\"d0665\">If you are interested in helping others get involved in our chapter’s work, making our chapter a welcoming and accessible organization, and building a stronger organization that can fight for socialism, let us know!</p>", "action_network_embed_api_endpoint": null, "call_to_action": "https://actionnetwork.org/forms/io-interest-form"}}, {"model": "home.joinpage", "pk": 9, "fields": {"description": "", "form_html": ""}}, {"model": "wagtailredirects.redirect", "pk": 1, "fields": {"old_path": "/bylaws", "site": 1, "is_permanent": true, "redirect_page": 7, "redirect_page_route_path": "", "redirect_link": "", "automatically_created": true, "created_at": "2023-11-14T04:40:59.544Z"}}, {"model": "wagtailsearch.indexentry", "pk": 1, "fields": {"content_type": 40, "object_id": "3", "title_norm": 0.6666666666666666, "autocomplete": "'dsa':3 'louis':2 'st':1", "title": "'dsa':3B 'loui':2B 'st':1B", "body": ""}}, {"model": "wagtailsearch.indexentry", "pk": 4, "fields": {"content_type": 1, "object_id": "1", "title_norm": 2.0, "autocomplete": "'root':1", "title": "'root':1B", "body": ""}}, {"model": "wagtailsearch.indexentry", "pk": 5, "fields": {"content_type": 64, "object_id": "4", "title_norm": 1.6666666666666667, "autocomplete": "'updates':1", "title": "'updat':1B", "body": ""}}, {"model": "wagtailsearch.indexentry", "pk": 8, "fields": {"content_type": 65, "object_id": "5", "title_norm": 1.5, "autocomplete": "'about':1 'us':2", "title": "'us':2B", "body": ""}}, {"model": "wagtailsearch.indexentry", "pk": 11, "fields": {"content_type": 68, "object_id": "6", "title_norm": 0.8, "autocomplete": "'committee':2 'executive':1", "title": "'committe':2B 'execut':1B", "body": ""}}, {"model": "wagtailsearch.indexentry", "pk": 14, "fields": {"content_type": 70, "object_id": "7", "title_norm": 1.5, "autocomplete": "'bylaws':1", "title": "'bylaw':1B", "body": ""}}, {"model": "wagtailsearch.indexentry", "pk": 18, "fields": {"content_type": 63, "object_id": "8", "title_norm": 1.4285714285714286, "autocomplete": "'formations':1", "title": "'format':1B", "body": ""}}, {"model": "wagtailsearch.indexentry", "pk": 21, "fields": {"content_type": 41, "object_id": "9", "title_norm": 1.375, "autocomplete": "'join':1", "title": "'join':1B", "body": ""}}, {"model": "wagtailcore.locale", "pk": 1, "fields": {"language_code": "en"}}, {"model": "wagtailcore.site", "pk": 1, "fields": {"hostname": "localhost", "port": 80, "site_name": "", "root_page": 3, "is_default_site": true}}, {"model": "wagtailcore.modellogentry", "pk": 1, "fields": {"content_type": 5, "label": "localhost [default]", "action": "wagtail.edit", "data": {}, "timestamp": "2023-11-14T04:17:37.272Z", "uuid": "b814d097-a908-401d-bb2d-5830e666789e", "user": 1, "revision": null, "content_changed": true, "deleted": false, "object_id": "1"}}, {"model": "wagtailcore.collection", "pk": 1, "fields": {"path": "0001", "depth": 1, "numchild": 0, "name": "Root"}}, {"model": "wagtailcore.groupcollectionpermission", "pk": 1, "fields": {"group": 1, "collection": 1, "permission": 1}}, {"model": "wagtailcore.groupcollectionpermission", "pk": 2, "fields": {"group": 2, "collection": 1, "permission": 1}}, {"model": "wagtailcore.groupcollectionpermission", "pk": 3, "fields": {"group": 1, "collection": 1, "permission": 2}}, {"model": "wagtailcore.groupcollectionpermission", "pk": 4, "fields": {"group": 2, "collection": 1, "permission": 2}}, {"model": "wagtailcore.groupcollectionpermission", "pk": 5, "fields": {"group": 1, "collection": 1, "permission": 102}}, {"model": "wagtailcore.groupcollectionpermission", "pk": 6, "fields": {"group": 2, "collection": 1, "permission": 102}}, {"model": "wagtailcore.groupcollectionpermission", "pk": 7, "fields": {"group": 1, "collection": 1, "permission": 103}}, {"model": "wagtailcore.groupcollectionpermission", "pk": 8, "fields": {"group": 2, "collection": 1, "permission": 103}}, {"model": "wagtailcore.groupcollectionpermission", "pk": 9, "fields": {"group": 1, "collection": 1, "permission": 105}}, {"model": "wagtailcore.groupcollectionpermission", "pk": 10, "fields": {"group": 2, "collection": 1, "permission": 105}}, {"model": "wagtailcore.page", "pk": 1, "fields": {"path": "0001", "depth": 1, "numchild": 1, "translation_key": "12c08c66-8eee-4547-b7e4-00cba1116c36", "locale": 1, "latest_revision": null, "live": true, "has_unpublished_changes": false, "first_published_at": null, "last_published_at": null, "live_revision": null, "go_live_at": null, "expire_at": null, "expired": false, "locked": false, "locked_at": null, "locked_by": null, "title": "Root", "draft_title": "Root", "slug": "root", "content_type": 1, "url_path": "/", "owner": null, "seo_title": "", "show_in_menus": false, "search_description": "", "latest_revision_created_at": null, "alias_of": null}}, {"model": "wagtailcore.page", "pk": 3, "fields": {"path": "00010002", "depth": 2, "numchild": 4, "translation_key": "ecbbc0ce-7a0d-4569-9338-61ab3526483c", "locale": 1, "latest_revision": 1, "live": true, "has_unpublished_changes": false, "first_published_at": "2023-11-14T04:17:12.325Z", "last_published_at": "2023-11-14T04:17:12.325Z", "live_revision": 1, "go_live_at": null, "expire_at": null, "expired": false, "locked": false, "locked_at": null, "locked_by": null, "title": "St Louis DSA", "draft_title": "St Louis DSA", "slug": "st-louis-dsa", "content_type": 40, "url_path": "/st-louis-dsa/", "owner": 1, "seo_title": "", "show_in_menus": false, "search_description": "", "latest_revision_created_at": "2023-11-14T04:17:12.281Z", "alias_of": null}}, {"model": "wagtailcore.page", "pk": 4, "fields": {"path": "000100020001", "depth": 3, "numchild": 0, "translation_key": "54da4c49-65b6-48aa-9257-1c8448990ce3", "locale": 1, "latest_revision": 2, "live": true, "has_unpublished_changes": false, "first_published_at": "2023-11-14T04:18:30.900Z", "last_published_at": "2023-11-14T04:18:30.900Z", "live_revision": 2, "go_live_at": null, "expire_at": null, "expired": false, "locked": false, "locked_at": null, "locked_by": null, "title": "Updates", "draft_title": "Updates", "slug": "updates", "content_type": 64, "url_path": "/st-louis-dsa/updates/", "owner": 1, "seo_title": "", "show_in_menus": false, "search_description": "", "latest_revision_created_at": "2023-11-14T04:18:30.852Z", "alias_of": null}}, {"model": "wagtailcore.page", "pk": 5, "fields": {"path": "000100020002", "depth": 3, "numchild": 2, "translation_key": "19ae5848-27d9-440a-b311-d58d824d444e", "locale": 1, "latest_revision": 3, "live": true, "has_unpublished_changes": false, "first_published_at": "2023-11-14T04:29:42.223Z", "last_published_at": "2023-11-14T04:29:42.223Z", "live_revision": 3, "go_live_at": null, "expire_at": null, "expired": false, "locked": false, "locked_at": null, "locked_by": null, "title": "About Us", "draft_title": "About Us", "slug": "about", "content_type": 65, "url_path": "/st-louis-dsa/about/", "owner": 1, "seo_title": "", "show_in_menus": false, "search_description": "", "latest_revision_created_at": "2023-11-14T04:29:42.178Z", "alias_of": null}}, {"model": "wagtailcore.page", "pk": 6, "fields": {"path": "0001000200020001", "depth": 4, "numchild": 0, "translation_key": "5966be51-87e0-426d-8bfb-3b1596f48e22", "locale": 1, "latest_revision": 4, "live": true, "has_unpublished_changes": false, "first_published_at": "2023-11-14T04:36:02.557Z", "last_published_at": "2023-11-14T04:36:02.557Z", "live_revision": 4, "go_live_at": null, "expire_at": null, "expired": false, "locked": false, "locked_at": null, "locked_by": null, "title": "Executive Committee", "draft_title": "Executive Committee", "slug": "ec", "content_type": 68, "url_path": "/st-louis-dsa/about/ec/", "owner": 1, "seo_title": "", "show_in_menus": false, "search_description": "", "latest_revision_created_at": "2023-11-14T04:36:02.521Z", "alias_of": null}}, {"model": "wagtailcore.page", "pk": 7, "fields": {"path": "0001000200020002", "depth": 4, "numchild": 0, "translation_key": "a187a1f7-d442-4826-8c85-73e3ee80df55", "locale": 1, "latest_revision": 5, "live": true, "has_unpublished_changes": false, "first_published_at": "2023-11-14T04:40:11.920Z", "last_published_at": "2023-11-14T04:40:11.920Z", "live_revision": 5, "go_live_at": null, "expire_at": null, "expired": false, "locked": false, "locked_at": null, "locked_by": null, "title": "Bylaws", "draft_title": "Bylaws", "slug": "bylaws", "content_type": 70, "url_path": "/st-louis-dsa/about/bylaws/", "owner": 1, "seo_title": "", "show_in_menus": false, "search_description": "", "latest_revision_created_at": "2023-11-14T04:40:11.877Z", "alias_of": null}}, {"model": "wagtailcore.page", "pk": 8, "fields": {"path": "000100020003", "depth": 3, "numchild": 0, "translation_key": "fed4c3b1-3887-491e-9a8a-d45c1661c89d", "locale": 1, "latest_revision": 6, "live": true, "has_unpublished_changes": false, "first_published_at": "2023-11-14T04:41:26.721Z", "last_published_at": "2023-11-14T04:41:26.721Z", "live_revision": 6, "go_live_at": null, "expire_at": null, "expired": false, "locked": false, "locked_at": null, "locked_by": null, "title": "Formations", "draft_title": "Formations", "slug": "formations", "content_type": 63, "url_path": "/st-louis-dsa/formations/", "owner": 1, "seo_title": "", "show_in_menus": false, "search_description": "", "latest_revision_created_at": "2023-11-14T04:41:26.681Z", "alias_of": null}}, {"model": "wagtailcore.page", "pk": 9, "fields": {"path": "000100020004", "depth": 3, "numchild": 0, "translation_key": "5dc5a01a-70d6-4f4f-9bb3-d53f3a37a4ea", "locale": 1, "latest_revision": 7, "live": true, "has_unpublished_changes": false, "first_published_at": "2023-11-14T04:44:06.596Z", "last_published_at": "2023-11-14T04:44:06.596Z", "live_revision": 7, "go_live_at": null, "expire_at": null, "expired": false, "locked": false, "locked_at": null, "locked_by": null, "title": "Join", "draft_title": "Join", "slug": "join", "content_type": 41, "url_path": "/st-louis-dsa/join/", "owner": 1, "seo_title": "", "show_in_menus": false, "search_description": "", "latest_revision_created_at": "2023-11-14T04:44:06.554Z", "alias_of": null}}, {"model": "wagtailcore.revision", "pk": 1, "fields": {"content_type": 40, "base_content_type": 1, "object_id": "3", "submitted_for_moderation": false, "created_at": "2023-11-14T04:17:12.281Z", "user": 1, "object_str": "St Louis DSA", "content": {"pk": 3, "live": true, "path": "00010002", "slug": "st-louis-dsa", "depth": 2, "owner": 1, "title": "St Louis DSA", "locale": 1, "locked": false, "expired": false, "alias_of": null, "numchild": 0, "url_path": "/st-louis-dsa/", "expire_at": null, "locked_at": null, "locked_by": null, "seo_title": "", "go_live_at": null, "draft_title": "St Louis DSA", "content_type": 40, "live_revision": null, "show_in_menus": false, "call_to_action": "https://actionnetwork.org/forms/io-interest-form", "latest_revision": null, "translation_key": "ecbbc0ce-7a0d-4569-9338-61ab3526483c", "last_published_at": null, "first_published_at": null, "search_description": "", "highlighted_campaign": "Become an internal organizer!", "wagtail_admin_comments": [], "has_unpublished_changes": false, "highlighted_description": "<p data-block-key=\"edcod\">Internal Organizers are active members who take the lead on reaching out regularly to our current and new members to welcome them into the chapter and help them find their role as active members of STL DSA.</p><p data-block-key=\"d0665\">If you are interested in helping others get involved in our chapter’s work, making our chapter a welcoming and accessible organization, and building a stronger organization that can fight for socialism, let us know!</p>", "latest_revision_created_at": null, "action_network_embed_api_endpoint": null}, "approved_go_live_at": null}}, {"model": "wagtailcore.revision", "pk": 2, "fields": {"content_type": 64, "base_content_type": 1, "object_id": "4", "submitted_for_moderation": false, "created_at": "2023-11-14T04:18:30.852Z", "user": 1, "object_str": "Updates", "content": {"pk": 4, "live": true, "path": "000100020001", "slug": "updates", "depth": 3, "owner": 1, "title": "Updates", "locale": 1, "locked": false, "expired": false, "message": "", "alias_of": null, "numchild": 0, "url_path": "/st-louis-dsa/updates/", "expire_at": null, "locked_at": null, "locked_by": null, "seo_title": "", "go_live_at": null, "draft_title": "Updates", "content_type": 64, "live_revision": null, "show_in_menus": false, "latest_revision": null, "translation_key": "54da4c49-65b6-48aa-9257-1c8448990ce3", "last_published_at": null, "first_published_at": null, "search_description": "", "wagtail_admin_comments": [], "has_unpublished_changes": false, "latest_revision_created_at": null}, "approved_go_live_at": null}}, {"model": "wagtailcore.revision", "pk": 3, "fields": {"content_type": 65, "base_content_type": 1, "object_id": "5", "submitted_for_moderation": false, "created_at": "2023-11-14T04:29:42.178Z", "user": 1, "object_str": "About Us", "content": {"pk": 5, "body": "", "live": true, "path": "000100020002", "slug": "about", "depth": 3, "owner": 1, "title": "About Us", "locale": 1, "locked": false, "expired": false, "alias_of": null, "numchild": 0, "url_path": "/st-louis-dsa/about/", "expire_at": null, "locked_at": null, "locked_by": null, "seo_title": "", "go_live_at": null, "draft_title": "About Us", "content_type": 65, "live_revision": null, "show_in_menus": false, "latest_revision": null, "translation_key": "19ae5848-27d9-440a-b311-d58d824d444e", "last_published_at": null, "additional_content": "[]", "first_published_at": null, "search_description": "", "wagtail_admin_comments": [], "has_unpublished_changes": false, "latest_revision_created_at": null}, "approved_go_live_at": null}}, {"model": "wagtailcore.revision", "pk": 4, "fields": {"content_type": 68, "base_content_type": 1, "object_id": "6", "submitted_for_moderation": false, "created_at": "2023-11-14T04:36:02.521Z", "user": 1, "object_str": "Executive Committee", "content": {"pk": 6, "live": true, "path": "0001000200020001", "slug": "ec", "depth": 4, "owner": 1, "title": "Executive Committee", "locale": 1, "locked": false, "expired": false, "alias_of": null, "numchild": 0, "url_path": "/st-louis-dsa/about/ec/", "expire_at": null, "locked_at": null, "locked_by": null, "seo_title": "", "go_live_at": null, "description": "", "draft_title": "Executive Committee", "content_type": 68, "live_revision": null, "show_in_menus": false, "latest_revision": null, "translation_key": "5966be51-87e0-426d-8bfb-3b1596f48e22", "last_published_at": null, "first_published_at": null, "search_description": "", "executive_committee": [], "wagtail_admin_comments": [], "has_unpublished_changes": false, "latest_revision_created_at": null}, "approved_go_live_at": null}}, {"model": "wagtailcore.revision", "pk": 5, "fields": {"content_type": 70, "base_content_type": 1, "object_id": "7", "submitted_for_moderation": false, "created_at": "2023-11-14T04:40:11.877Z", "user": 1, "object_str": "Bylaws", "content": {"pk": 7, "live": true, "path": "000100020003", "slug": "bylaws", "depth": 3, "owner": 1, "title": "Bylaws", "bylaws": [], "locale": 1, "locked": false, "expired": false, "alias_of": null, "numchild": 0, "url_path": "/st-louis-dsa/bylaws/", "expire_at": null, "locked_at": null, "locked_by": null, "seo_title": "", "go_live_at": null, "description": "", "draft_title": "Bylaws", "content_type": 70, "live_revision": null, "show_in_menus": false, "latest_revision": null, "translation_key": "a187a1f7-d442-4826-8c85-73e3ee80df55", "last_published_at": null, "first_published_at": null, "search_description": "", "wagtail_admin_comments": [], "has_unpublished_changes": false, "latest_revision_created_at": null}, "approved_go_live_at": null}}, {"model": "wagtailcore.revision", "pk": 6, "fields": {"content_type": 63, "base_content_type": 1, "object_id": "8", "submitted_for_moderation": false, "created_at": "2023-11-14T04:41:26.681Z", "user": 1, "object_str": "Formations", "content": {"pk": 8, "live": true, "path": "000100020003", "slug": "formations", "depth": 3, "owner": 1, "title": "Formations", "locale": 1, "locked": false, "expired": false, "alias_of": null, "numchild": 0, "url_path": "/st-louis-dsa/formations/", "expire_at": null, "locked_at": null, "locked_by": null, "seo_title": "", "go_live_at": null, "description": "", "draft_title": "Formations", "content_type": 63, "live_revision": null, "show_in_menus": false, "latest_revision": null, "translation_key": "fed4c3b1-3887-491e-9a8a-d45c1661c89d", "last_published_at": null, "first_published_at": null, "search_description": "", "wagtail_admin_comments": [], "has_unpublished_changes": false, "latest_revision_created_at": null}, "approved_go_live_at": null}}, {"model": "wagtailcore.revision", "pk": 7, "fields": {"content_type": 41, "base_content_type": 1, "object_id": "9", "submitted_for_moderation": false, "created_at": "2023-11-14T04:44:06.554Z", "user": 1, "object_str": "Join", "content": {"pk": 9, "live": true, "path": "000100020004", "slug": "join", "depth": 3, "owner": 1, "title": "Join", "locale": 1, "locked": false, "expired": false, "alias_of": null, "numchild": 0, "url_path": "/st-louis-dsa/join/", "expire_at": null, "form_html": "", "locked_at": null, "locked_by": null, "seo_title": "", "go_live_at": null, "description": "", "draft_title": "Join", "content_type": 41, "live_revision": null, "show_in_menus": false, "latest_revision": null, "translation_key": "5dc5a01a-70d6-4f4f-9bb3-d53f3a37a4ea", "last_published_at": null, "first_published_at": null, "search_description": "", "wagtail_admin_comments": [], "has_unpublished_changes": false, "latest_revision_created_at": null}, "approved_go_live_at": null}}, {"model": "wagtailcore.grouppagepermission", "pk": 1, "fields": {"group": 1, "page": 1, "permission": 33, "permission_type": "add"}}, {"model": "wagtailcore.grouppagepermission", "pk": 2, "fields": {"group": 1, "page": 1, "permission": 34, "permission_type": "change"}}, {"model": "wagtailcore.grouppagepermission", "pk": 3, "fields": {"group": 1, "page": 1, "permission": 39, "permission_type": "publish"}}, {"model": "wagtailcore.grouppagepermission", "pk": 4, "fields": {"group": 2, "page": 1, "permission": 33, "permission_type": "add"}}, {"model": "wagtailcore.grouppagepermission", "pk": 5, "fields": {"group": 2, "page": 1, "permission": 34, "permission_type": "change"}}, {"model": "wagtailcore.grouppagepermission", "pk": 6, "fields": {"group": 1, "page": 1, "permission": 38, "permission_type": "lock"}}, {"model": "wagtailcore.grouppagepermission", "pk": 7, "fields": {"group": 1, "page": 1, "permission": 40, "permission_type": "unlock"}}, {"model": "wagtailcore.workflowpage", "pk": 1, "fields": {"workflow": 1}}, {"model": "wagtailcore.workflowtask", "pk": 1, "fields": {"sort_order": 0, "workflow": 1, "task": 1}}, {"model": "wagtailcore.task", "pk": 1, "fields": {"name": "Moderators approval", "content_type": 2, "active": true}}, {"model": "wagtailcore.workflow", "pk": 1, "fields": {"name": "Moderators approval", "active": true}}, {"model": "wagtailcore.groupapprovaltask", "pk": 1, "fields": {"groups": [1]}}, {"model": "wagtailcore.pagelogentry", "pk": 1, "fields": {"content_type": 40, "label": "St Louis DSA", "action": "wagtail.create", "data": {}, "timestamp": "2023-11-14T04:17:12.264Z", "uuid": "01764524-5663-4244-a05e-e090f8b66a50", "user": 1, "revision": null, "content_changed": true, "deleted": false, "page": 3}}, {"model": "wagtailcore.pagelogentry", "pk": 2, "fields": {"content_type": 40, "label": "St Louis DSA", "action": "wagtail.edit", "data": {}, "timestamp": "2023-11-14T04:17:12.302Z", "uuid": "01764524-5663-4244-a05e-e090f8b66a50", "user": 1, "revision": 1, "content_changed": true, "deleted": false, "page": 3}}, {"model": "wagtailcore.pagelogentry", "pk": 3, "fields": {"content_type": 40, "label": "St Louis DSA", "action": "wagtail.publish", "data": {}, "timestamp": "2023-11-14T04:17:12.380Z", "uuid": "01764524-5663-4244-a05e-e090f8b66a50", "user": 1, "revision": 1, "content_changed": true, "deleted": false, "page": 3}}, {"model": "wagtailcore.pagelogentry", "pk": 4, "fields": {"content_type": 1, "label": "Welcome to your new Wagtail site!", "action": "wagtail.delete", "data": {}, "timestamp": "2023-11-14T04:17:51.879Z", "uuid": "c066f285-54a2-4954-b17d-a4737aa8c529", "user": 1, "revision": null, "content_changed": false, "deleted": true, "page": 2}}, {"model": "wagtailcore.pagelogentry", "pk": 5, "fields": {"content_type": 64, "label": "Updates", "action": "wagtail.create", "data": {}, "timestamp": "2023-11-14T04:18:30.828Z", "uuid": "cb6f6707-8550-4450-9d93-24b40207aceb", "user": 1, "revision": null, "content_changed": true, "deleted": false, "page": 4}}, {"model": "wagtailcore.pagelogentry", "pk": 6, "fields": {"content_type": 64, "label": "Updates", "action": "wagtail.edit", "data": {}, "timestamp": "2023-11-14T04:18:30.877Z", "uuid": "cb6f6707-8550-4450-9d93-24b40207aceb", "user": 1, "revision": 2, "content_changed": true, "deleted": false, "page": 4}}, {"model": "wagtailcore.pagelogentry", "pk": 7, "fields": {"content_type": 64, "label": "Updates", "action": "wagtail.publish", "data": {}, "timestamp": "2023-11-14T04:18:30.965Z", "uuid": "cb6f6707-8550-4450-9d93-24b40207aceb", "user": 1, "revision": 2, "content_changed": true, "deleted": false, "page": 4}}, {"model": "wagtailcore.pagelogentry", "pk": 8, "fields": {"content_type": 65, "label": "About Us", "action": "wagtail.create", "data": {}, "timestamp": "2023-11-14T04:29:42.146Z", "uuid": "fbc4cf37-4fd2-4c73-a3b8-879f752cf533", "user": 1, "revision": null, "content_changed": true, "deleted": false, "page": 5}}, {"model": "wagtailcore.pagelogentry", "pk": 9, "fields": {"content_type": 65, "label": "About Us", "action": "wagtail.edit", "data": {}, "timestamp": "2023-11-14T04:29:42.202Z", "uuid": "fbc4cf37-4fd2-4c73-a3b8-879f752cf533", "user": 1, "revision": 3, "content_changed": true, "deleted": false, "page": 5}}, {"model": "wagtailcore.pagelogentry", "pk": 10, "fields": {"content_type": 65, "label": "About Us", "action": "wagtail.publish", "data": {}, "timestamp": "2023-11-14T04:29:42.265Z", "uuid": "fbc4cf37-4fd2-4c73-a3b8-879f752cf533", "user": 1, "revision": 3, "content_changed": true, "deleted": false, "page": 5}}, {"model": "wagtailcore.pagelogentry", "pk": 11, "fields": {"content_type": 68, "label": "Executive Committee", "action": "wagtail.create", "data": {}, "timestamp": "2023-11-14T04:36:02.502Z", "uuid": "5363476a-7bf2-4f5a-b3fc-d2dba9dcf093", "user": 1, "revision": null, "content_changed": true, "deleted": false, "page": 6}}, {"model": "wagtailcore.pagelogentry", "pk": 12, "fields": {"content_type": 68, "label": "Executive Committee", "action": "wagtail.edit", "data": {}, "timestamp": "2023-11-14T04:36:02.540Z", "uuid": "5363476a-7bf2-4f5a-b3fc-d2dba9dcf093", "user": 1, "revision": 4, "content_changed": true, "deleted": false, "page": 6}}, {"model": "wagtailcore.pagelogentry", "pk": 13, "fields": {"content_type": 68, "label": "Executive Committee", "action": "wagtail.publish", "data": {}, "timestamp": "2023-11-14T04:36:02.594Z", "uuid": "5363476a-7bf2-4f5a-b3fc-d2dba9dcf093", "user": 1, "revision": 4, "content_changed": true, "deleted": false, "page": 6}}, {"model": "wagtailcore.pagelogentry", "pk": 14, "fields": {"content_type": 70, "label": "Bylaws", "action": "wagtail.create", "data": {}, "timestamp": "2023-11-14T04:40:11.839Z", "uuid": "226f5dc7-0322-4d1e-a15c-3e4dcf3d86cf", "user": 1, "revision": null, "content_changed": true, "deleted": false, "page": 7}}, {"model": "wagtailcore.pagelogentry", "pk": 15, "fields": {"content_type": 70, "label": "Bylaws", "action": "wagtail.edit", "data": {}, "timestamp": "2023-11-14T04:40:11.900Z", "uuid": "226f5dc7-0322-4d1e-a15c-3e4dcf3d86cf", "user": 1, "revision": 5, "content_changed": true, "deleted": false, "page": 7}}, {"model": "wagtailcore.pagelogentry", "pk": 16, "fields": {"content_type": 70, "label": "Bylaws", "action": "wagtail.publish", "data": {}, "timestamp": "2023-11-14T04:40:11.965Z", "uuid": "226f5dc7-0322-4d1e-a15c-3e4dcf3d86cf", "user": 1, "revision": 5, "content_changed": true, "deleted": false, "page": 7}}, {"model": "wagtailcore.pagelogentry", "pk": 17, "fields": {"content_type": 70, "label": "Bylaws", "action": "wagtail.move", "data": {"source": {"id": 3, "title": "St Louis DSA"}, "destination": {"id": 5, "title": "About Us"}}, "timestamp": "2023-11-14T04:40:59.550Z", "uuid": "45a013e0-87af-44ba-98ed-522bbd8b48e0", "user": 1, "revision": null, "content_changed": false, "deleted": false, "page": 7}}, {"model": "wagtailcore.pagelogentry", "pk": 18, "fields": {"content_type": 63, "label": "Formations", "action": "wagtail.create", "data": {}, "timestamp": "2023-11-14T04:41:26.663Z", "uuid": "9b6c4e16-e902-4aaf-a852-84c74fbe3554", "user": 1, "revision": null, "content_changed": true, "deleted": false, "page": 8}}, {"model": "wagtailcore.pagelogentry", "pk": 19, "fields": {"content_type": 63, "label": "Formations", "action": "wagtail.edit", "data": {}, "timestamp": "2023-11-14T04:41:26.701Z", "uuid": "9b6c4e16-e902-4aaf-a852-84c74fbe3554", "user": 1, "revision": 6, "content_changed": true, "deleted": false, "page": 8}}, {"model": "wagtailcore.pagelogentry", "pk": 20, "fields": {"content_type": 63, "label": "Formations", "action": "wagtail.publish", "data": {}, "timestamp": "2023-11-14T04:41:26.765Z", "uuid": "9b6c4e16-e902-4aaf-a852-84c74fbe3554", "user": 1, "revision": 6, "content_changed": true, "deleted": false, "page": 8}}, {"model": "wagtailcore.pagelogentry", "pk": 21, "fields": {"content_type": 41, "label": "Join", "action": "wagtail.create", "data": {}, "timestamp": "2023-11-14T04:44:06.533Z", "uuid": "d5914b50-66cb-40c6-8df1-eaf06a840f2d", "user": 1, "revision": null, "content_changed": true, "deleted": false, "page": 9}}, {"model": "wagtailcore.pagelogentry", "pk": 22, "fields": {"content_type": 41, "label": "Join", "action": "wagtail.edit", "data": {}, "timestamp": "2023-11-14T04:44:06.572Z", "uuid": "d5914b50-66cb-40c6-8df1-eaf06a840f2d", "user": 1, "revision": 7, "content_changed": true, "deleted": false, "page": 9}}, {"model": "wagtailcore.pagelogentry", "pk": 23, "fields": {"content_type": 41, "label": "Join", "action": "wagtail.publish", "data": {}, "timestamp": "2023-11-14T04:44:06.645Z", "uuid": "d5914b50-66cb-40c6-8df1-eaf06a840f2d", "user": 1, "revision": 7, "content_changed": true, "deleted": false, "page": 9}}, {"model": "wagtailcore.pagesubscription", "pk": 1, "fields": {"user": 1, "page": 3, "comment_notifications": true}}, {"model": "wagtailcore.pagesubscription", "pk": 2, "fields": {"user": 1, "page": 4, "comment_notifications": true}}, {"model": "wagtailcore.pagesubscription", "pk": 3, "fields": {"user": 1, "page": 5, "comment_notifications": true}}, {"model": "wagtailcore.pagesubscription", "pk": 4, "fields": {"user": 1, "page": 6, "comment_notifications": true}}, {"model": "wagtailcore.pagesubscription", "pk": 5, "fields": {"user": 1, "page": 7, "comment_notifications": true}}, {"model": "wagtailcore.pagesubscription", "pk": 6, "fields": {"user": 1, "page": 8, "comment_notifications": true}}, {"model": "wagtailcore.pagesubscription", "pk": 7, "fields": {"user": 1, "page": 9, "comment_notifications": true}}, {"model": "users.user", "pk": 1, "fields": {"password": "argon2$argon2id$v=19$m=102400,t=2,p=8$RVdjMEhrUWs2YUVJRjJEUVVJYVBlMg$m0HlsBtgquuIylakvD8ETJeNxRmkD0r0VrShT95QLcg", "last_login": "2023-11-14T04:43:57.302Z", "is_superuser": true, "first_name": null, "last_name": null, "email": "admin@example.com", "uuid": null, "is_active": true, "is_admin": true, "groups": [], "user_permissions": []}}, {"model": "users.user", "pk": 2, "fields": {"password": "argon2$argon2id$v=19$m=102400,t=2,p=8$QncwcDNuVlh1bml0bDhzWkswWTY0cw$pY+5l+8vkrSKf3foAFqRWA", "last_login": "2023-10-17T06:35:12.217Z", "is_superuser": false, "first_name": "Bud", "last_name": "Rose", "email": "member@example.com", "uuid": null, "is_active": true, "is_admin": false, "groups": [], "user_permissions": []}}, {"model": "committees.person", "pk": 1, "fields": {"user": 1, "phone": null}}, {"model": "committees.person", "pk": 2, "fields": {"user": 2, "phone": null}}, {"model": "committees.formationspage", "pk": 8, "fields": {"description": ""}}, {"model": "news.newsindexpage", "pk": 4, "fields": {"message": ""}}, {"model": "news.infopage", "pk": 5, "fields": {"body": "", "additional_content": "[]"}}, {"model": "about.executivecommitteepage", "pk": 6, "fields": {"description": ""}}, {"model": "about.bylawspage", "pk": 7, "fields": {"description": ""}}]
